{
  "users": [
    {
      "id": 1,
      "email": "mohamed@gmail.com",
      "passwordHash": "$2b$10$dWGaI37iJmCyXqpdcZhcBOByft0iTzZzZuhx5EIYbvVdjRlF8Gvu6",
      "type": "user",
      "orgName": null,
      "failedAttempts": 4,
      "lockUntil": 1758173229
    },
    {
      "id": 2,
      "email": "mohmaedd22@gmail.com",
      "passwordHash": "$2b$10$.71A9ciUhrxGHqyKllTxFeSxUbcl/zA6EkebScEQVCHxbK7I8h20u",
      "type": "organization",
      "orgName": "tec",
      "failedAttempts": 1,
      "lockUntil": 0
    },
    {
      "id": 3,
      "email": "mohmaedd2@gmail.com",
      "passwordHash": "$2b$10$BbSPDI4aRD3V5aNGfvoBV.ICEM8KfS3sUE0I6ySLj2JvQSWmP2k/m",
      "type": "organization",
      "orgName": "tec",
      "failedAttempts": 1,
      "lockUntil": 0
    },
    {
      "id": 4,
      "email": "mohamedd@gmail.com",
      "passwordHash": "$2b$10$E3RNJLNGbkUuiophqd3sTOw.Puzyc/Pm7T2adWHP25VxtIhwrTi8i",
      "type": "organization",
      "orgName": "group",
      "failedAttempts": 3,
      "lockUntil": 1758147070
    },
    {
      "id": 5,
      "email": "moahmed1@gmail.com",
      "passwordHash": "$2b$10$jCZE96k5AopySztGAPzwWeCzbb35MAJtAKvv1e9VGrVk4vpL888xq",
      "type": "user",
      "orgName": null,
      "failedAttempts": 0,
      "lockUntil": 0
    },
    {
      "id": 6,
      "email": "ahmed@gmail.com",
      "passwordHash": "$2b$10$wctnxuJT/ZJ1.IMyEX0kn.mRsarOEXzum/HL5SY9bme3BSrdLsZsS",
      "type": "user",
      "orgName": null,
      "failedAttempts": 0,
      "lockUntil": 0
    },
    {
      "id": 7,
      "email": "ahmedahmed@gmail.com",
      "passwordHash": "$2b$10$96.yvxxzyzYmAt6Ql1869eeKz0MxBK3SVygpXAEh7LrTTIfMDfzNW",
      "type": "user",
      "orgName": null,
      "failedAttempts": 0,
      "lockUntil": 0
    },
    {
      "id": 8,
      "email": "mohmedahmed@gmail.com",
      "passwordHash": "$2b$10$0fnAJopT1lxno6K.wPwh3eJBNJzN938bL5chFVEn46jif5vbUNaee",
      "type": "organization",
      "orgName": "tech",
      "failedAttempts": 0,
      "lockUntil": 0
    },
    {
      "id": 9,
      "email": "rakan@gmail.com",
      "passwordHash": "$2b$10$BHupuLjGJ8IzNneVBKMPbOG00K1x003bgSU.XbnwS.r8Gm4DBIZAq",
      "type": "user",
      "orgName": null,
      "failedAttempts": 0,
      "lockUntil": 0
    },
    {
      "id": 10,
      "email": "testorg@example.com",
      "passwordHash": "$2b$10$bJTWTuG3wdJBPzWtqPIcCOQI9jvoRGSr5Em8D34SAQynM9T8/6MMy",
      "type": "organization",
      "orgName": "Test Organization",
      "failedAttempts": 0,
      "lockUntil": 0
    },
    {
      "id": 11,
      "email": "rakanmm@gmail",
      "passwordHash": "$2b$10$hNzPrIgofZH7HlhjWSR61uFyJwinaR.0d49ohswSalQlEt78qipfi",
      "type": "organization",
      "orgName": "almoss",
      "failedAttempts": 0,
      "lockUntil": 0
    }
  ],
  "events": [
    {
      "id": 1,
      "title": "x",
      "category": "other",
      "description": "zdgfsgx",
      "location": "egypt",
      "date": "",
      "price": 0,
      "capacity": 1,
      "organizerId": 2,
      "image": "/uploads/2cdd3208a542088f99259b43e8723c68",
      "likes": 0,
      "likedBy": []
    },
    {
      "id": 2,
      "title": "holiday",
      "category": "entertainment",
      "description": "fhjkfshjlkshfvjlknf",
      "location": "sudia arab",
      "date": "2025-09-10T08:41",
      "price": 0,
      "capacity": 2,
      "organizerId": 8,
      "image": "/uploads/bbe32e48c15aca4412e9589c7d31a2d4",
      "savedBy": [
        "rakan@gmail.com"
      ],
      "likes": 8,
      "likedBy": [
        "rakan@gmail.com"
      ]
    },
    {
      "id": 3,
      "title": "Tech Conference 2025",
      "category": "technology",
      "description": "Join us for the biggest technology conference of the year featuring AI, blockchain, and cloud computing experts.",
      "location": "Riyadh Convention Center",
      "date": "2025-12-15T09:00:00",
      "price": 150,
      "capacity": 500,
      "organizerId": 10,
      "image": null,
      "savedBy": [],
      "likes": 0,
      "likedBy": []
    },
    {
      "id": 4,
      "title": "Food Festival 2025",
      "category": "food",
      "description": "Experience the best of Saudi cuisine with traditional dishes, modern fusion, and international flavors from around the world.",
      "location": "Jeddah Waterfront",
      "date": "2025-11-20T18:00:00",
      "price": 75,
      "capacity": 300,
      "organizerId": 10,
      "image": null,
      "savedBy": [],
      "likes": 0,
      "likedBy": []
    },
    {
      "id": 5,
      "title": "test",
      "description": "kbdsfhkjbf",
      "location": "fdsa",
      "date": "2025-09-19T06:08",
      "price": 250,
      "capacity": 5,
      "organizerId": 11,
      "image": null,
      "likes": 1,
      "likedBy": [
        "rakan@gmail.com"
      ]
    }
  ],
  "reservations": [
    {
      "id": 1,
      "eventId": 2,
      "userEmail": "rakan@gmail.com",
      "fullName": "Test User",
      "phone": "1234567890",
      "reservedAt": 1758246699,
      "seats": 1,
      "paymentStatus": "paid"
    },
    {
      "id": 2,
      "eventId": 1,
      "userEmail": "rakan@gmail.com",
      "fullName": "Test User",
      "phone": "1234567890",
      "reservedAt": 1758246704,
      "seats": 1,
      "paymentStatus": "paid"
    }
  ],
  "lastIds": {
    "users": 11,
    "events": 5,
    "reservations": 2
  }
}